{"cameraMode":{"drawMode":0,"name":"Shaded","section":"Shading Mode"},"sceneLighting":false,"audioPlay":false,"sceneViewState":{"m_AlwaysRefresh":false,"showFog":true,"showSkybox":true,"showFlares":true,"showImageEffects":true,"showParticleSystems":true,"showVisualEffectGraphs":true,"m_FxEnabled":true},"in2DMode":false,"pivot":{"x":-2.6970155239105226,"y":-1.7676256895065308,"z":5.393853187561035},"rotation":{"x":-0.01822890155017376,"y":-0.09375178813934326,"z":0.0017075524665415288,"w":-0.9954483509063721},"size":9.197378158569336,"orthographic":false}