{"cameraMode":{"drawMode":0,"name":"Shaded","section":"Shading Mode"},"sceneLighting":false,"audioPlay":false,"sceneViewState":{"m_AlwaysRefresh":false,"showFog":true,"showSkybox":true,"showFlares":true,"showImageEffects":true,"showParticleSystems":true,"showVisualEffectGraphs":true,"m_FxEnabled":true},"in2DMode":false,"pivot":{"x":-18.273412704467775,"y":17.468040466308595,"z":-45.72105407714844},"rotation":{"x":-0.15653182566165925,"y":-0.08817815035581589,"z":0.014023884199559689,"w":-0.9836522936820984},"size":6.190608024597168,"orthographic":false}