{"cameraMode":{"drawMode":0,"name":"Shaded","section":"Shading Mode"},"sceneLighting":false,"audioPlay":false,"sceneViewState":{"m_AlwaysRefresh":false,"showFog":true,"showSkybox":true,"showFlares":true,"showImageEffects":true,"showParticleSystems":true,"showVisualEffectGraphs":true,"m_FxEnabled":true},"in2DMode":false,"pivot":{"x":1.6686160564422608,"y":-5.005652904510498,"z":3.7908153533935549},"rotation":{"x":-0.15052156150341035,"y":-0.09564235061407089,"z":0.014623602852225304,"w":-0.9838829636573792},"size":9.470368385314942,"orthographic":false}